{
	"class_name" : "PinholeCameraParameters",
	"extrinsic" : 
	[
		0.73874436993377768,
		-0.59933252192121533,
		0.30831361315826095,
		0.0,
		-0.67287234744902014,
		-0.68211597010240377,
		0.28628763048672196,
		0.0,
		0.038724151760768322,
		-0.41894907984003571,
		-0.90718361348273724,
		0.0,
		31.951035945258152,
		-3.0019175928072173,
		23.947756873420971,
		1.0
	],
	"intrinsic" : 
	{
		"height" : 1043,
		"intrinsic_matrix" : 
		[
			903.26449614716955,
			0.0,
			0.0,
			0.0,
			903.26449614716955,
			0.0,
			959.5,
			521.0,
			1.0
		],
		"width" : 1920
	},
	"version_major" : 1,
	"version_minor" : 0
}