{
	"class_name" : "PinholeCameraParameters",
	"extrinsic" : 
	[
		0.92210499455650952,
		0.23742075938562293,
		0.30553847879881485,
		0.0,
		0.14472832570753402,
		-0.94393758369704561,
		0.29670785264646615,
		0.0,
		0.35885385709482576,
		-0.22937572037366394,
		-0.90477106947074137,
		0.0,
		-51.604287568144684,
		-21.692611501569353,
		22.212002213569058,
		1.0
	],
	"intrinsic" : 
	{
		"height" : 1043,
		"intrinsic_matrix" : 
		[
			903.26449614716955,
			0.0,
			0.0,
			0.0,
			903.26449614716955,
			0.0,
			959.5,
			521.0,
			1.0
		],
		"width" : 1920
	},
	"version_major" : 1,
	"version_minor" : 0
}