{
	"class_name" : "PinholeCameraParameters",
	"extrinsic" : 
	[
		0.9143253498117595,
		-0.18466848500846172,
		0.36042572790560229,
		0.0,
		-0.37493289312022382,
		-0.72240762347903409,
		0.58099272903873167,
		0.0,
		0.15308324646447286,
		-0.66635184113503709,
		-0.7297538923965009,
		0.0,
		15.537641223391164,
		-54.01968461282668,
		60.246449500821242,
		1.0
	],
	"intrinsic" : 
	{
		"height" : 1043,
		"intrinsic_matrix" : 
		[
			903.26449614716955,
			0.0,
			0.0,
			0.0,
			903.26449614716955,
			0.0,
			959.5,
			521.0,
			1.0
		],
		"width" : 1920
	},
	"version_major" : 1,
	"version_minor" : 0
}