{
	"class_name" : "PinholeCameraParameters",
	"extrinsic" : 
	[
		0.82533948485423247,
		-0.25036652085856759,
		0.50609420069165645,
		0.0,
		-0.46886484156015523,
		-0.80331335951862559,
		0.36722391911158248,
		0.0,
		0.31461165758649312,
		-0.54037417744751282,
		-0.7803942934559448,
		0.0,
		10.93131035161095,
		-60.122088522230094,
		53.668689673017163,
		1.0
	],
	"intrinsic" : 
	{
		"height" : 1043,
		"intrinsic_matrix" : 
		[
			903.26449614716955,
			0.0,
			0.0,
			0.0,
			903.26449614716955,
			0.0,
			959.5,
			521.0,
			1.0
		],
		"width" : 1920
	},
	"version_major" : 1,
	"version_minor" : 0
}