{
	"class_name" : "PinholeCameraParameters",
	"extrinsic" : 
	[
		0.92172741331553087,
		0.36376300456699728,
		0.13451785030638641,
		0.0,
		0.21239750293105686,
		-0.76364928795380083,
		0.60969423956299995,
		0.0,
		0.32450866905417541,
		-0.53340063884105338,
		-0.78113883669463258,
		0.0,
		-4.3640911440273884,
		29.772761119239693,
		-14.723646692554674,
		1.0
	],
	"intrinsic" : 
	{
		"height" : 1043,
		"intrinsic_matrix" : 
		[
			903.26449614716955,
			0.0,
			0.0,
			0.0,
			903.26449614716955,
			0.0,
			959.5,
			521.0,
			1.0
		],
		"width" : 1920
	},
	"version_major" : 1,
	"version_minor" : 0
}