{
	"class_name" : "PinholeCameraParameters",
	"extrinsic" : 
	[
		0.89546818873711209,
		-0.03021098999780935,
		0.44409910948258857,
		0.0,
		-0.026251371527950772,
		-0.99954186669708645,
		-0.015063937486775295,
		0.0,
		0.44435074935548091,
		0.0018310660982722403,
		-0.89585102486081158,
		0.0,
		21.439383562412381,
		7.8515153494913204,
		129.30999769623537,
		1.0
	],
	"intrinsic" : 
	{
		"height" : 1043,
		"intrinsic_matrix" : 
		[
			903.26449614716955,
			0.0,
			0.0,
			0.0,
			903.26449614716955,
			0.0,
			959.5,
			521.0,
			1.0
		],
		"width" : 1920
	},
	"version_major" : 1,
	"version_minor" : 0
}