{
	"class_name" : "PinholeCameraParameters",
	"extrinsic" : 
	[
		0.95491240641166963,
		0.038188600238362944,
		0.29442134245483775,
		0.0,
		-0.13865901095423286,
		-0.81952267050728311,
		0.55601822920278898,
		0.0,
		0.26251852270319576,
		-0.57177287740539584,
		-0.77727717186424949,
		0.0,
		53.339319554080646,
		-12.283792224983822,
		52.811387271624774,
		1.0
	],
	"intrinsic" : 
	{
		"height" : 1043,
		"intrinsic_matrix" : 
		[
			903.26449614716955,
			0.0,
			0.0,
			0.0,
			903.26449614716955,
			0.0,
			959.5,
			521.0,
			1.0
		],
		"width" : 1920
	},
	"version_major" : 1,
	"version_minor" : 0
}