{
	"class_name" : "PinholeCameraParameters",
	"extrinsic" : 
	[
		0.91258896903314435,
		0.28561682987417542,
		0.29258229627174859,
		0.0,
		0.090161093895669231,
		-0.8385287034897857,
		0.5373458761089317,
		0.0,
		0.39881367923700817,
		-0.46399637920609393,
		-0.79098357083891169,
		0.0,
		4.4178098735174274,
		31.213920666410239,
		42.960120285055666,
		1.0
	],
	"intrinsic" : 
	{
		"height" : 1043,
		"intrinsic_matrix" : 
		[
			903.26449614716955,
			0.0,
			0.0,
			0.0,
			903.26449614716955,
			0.0,
			959.5,
			521.0,
			1.0
		],
		"width" : 1920
	},
	"version_major" : 1,
	"version_minor" : 0
}