{
	"class_name" : "PinholeCameraParameters",
	"extrinsic" : 
	[
		0.71322147180562412,
		-0.32247907562204714,
		0.62235229407576653,
		0.0,
		-0.65708017008963637,
		-0.61673928680728818,
		0.43344930751289956,
		0.0,
		0.24405077797539157,
		-0.71808070430445881,
		-0.65176630771712851,
		0.0,
		9.6364513642555032,
		-43.306340848553816,
		84.585166739397067,
		1.0
	],
	"intrinsic" : 
	{
		"height" : 1043,
		"intrinsic_matrix" : 
		[
			903.26449614716955,
			0.0,
			0.0,
			0.0,
			903.26449614716955,
			0.0,
			959.5,
			521.0,
			1.0
		],
		"width" : 1920
	},
	"version_major" : 1,
	"version_minor" : 0
}